{
    "loss": [
        0.05575399100780487,
        0.03383276239037514,
        0.027580078691244125,
        0.023974023759365082,
        0.022329874336719513,
        0.02154257893562317,
        0.020237997174263,
        0.01991511695086956,
        0.019037680700421333,
        0.01943851262331009,
        0.018713001161813736,
        0.019982628524303436,
        0.018483180552721024,
        0.018225397914648056,
        0.0184309259057045,
        0.02145383320748806
    ],
    "accuracy": [
        0.9815999865531921,
        0.9896000027656555,
        0.9914000034332275,
        0.991599977016449,
        0.9923999905586243,
        0.991599977016449,
        0.9927999973297119,
        0.9926000237464905,
        0.9932000041007996,
        0.9932000041007996,
        0.9936000108718872,
        0.9940000176429749,
        0.9937999844551086,
        0.9940000176429749,
        0.9941999912261963,
        0.9945999979972839
    ],
    "time threshold": [
        4.0,
        4.133333333333334,
        4.166666666666667,
        4.166666666666667,
        4.1000000000000005,
        4.000000000000001,
        3.9333333333333345,
        3.9666666666666677,
        3.9666666666666677,
        4.133333333333335,
        4.133333333333335,
        4.133333333333335,
        4.500000000000002,
        4.400000000000002,
        4.3000000000000025,
        4.200000000000003
    ],
    "num processed": [
        20,
        33,
        31,
        32,
        31,
        29,
        27,
        31,
        25,
        35,
        30,
        19,
        44,
        30,
        30,
        3
    ]
}