{
    "loss": [
        0.16533103585243225,
        0.08612511307001114,
        0.05939545854926109,
        0.04626201465725899,
        0.039163410663604736,
        0.034714292734861374,
        0.03182961046695709,
        0.029669076204299927,
        0.028037432581186295,
        0.026638632640242577,
        0.025435687974095345,
        0.024501241743564606,
        0.023870624601840973,
        0.022915523499250412,
        0.0226601455360651
    ],
    "accuracy": [
        0.9593999981880188,
        0.9746000170707703,
        0.9805999994277954,
        0.9825999736785889,
        0.9876000285148621,
        0.9891999959945679,
        0.9900000095367432,
        0.9901999831199646,
        0.9909999966621399,
        0.991599977016449,
        0.9919999837875366,
        0.9919999837875366,
        0.9923999905586243,
        0.9918000102043152,
        0.9911999702453613
    ],
    "time taken": [
        4.708843446877774,
        4.58124369025406,
        4.485508849464791,
        4.607059933266205,
        4.672620160927082,
        4.6327220041427255,
        4.530641806965039,
        4.569962421068359,
        4.481066011284041,
        4.527129304152472,
        4.7436402451659845,
        4.719501015072068,
        4.646899847511021,
        4.484314960965641,
        4.668331918895916
    ]
}